<edmx:Edmx xmlns:edmx="http://docs.oasis-open.org/odata/ns/edmx" Version="4.0">
    <edmx:Reference Uri="https://sap.github.io/odata-vocabularies/vocabularies/UI.xml">
        <edmx:Include Namespace="com.sap.vocabularies.UI.v1" Alias="UI" />
    </edmx:Reference>
    <edmx:Reference Uri="/sap/opu/odata/sap/ZGTWFI050_PARTIDAS_FORNECEDOR_SRV/$metadata">
        <edmx:Include Namespace="ZGTWFI050_PARTIDAS_FORNECEDOR_SRV" />
    </edmx:Reference>
    <edmx:DataServices>
        <Schema xmlns="http://docs.oasis-open.org/odata/ns/edm" Namespace="local">
            <Annotations Target="ZGTWFI050_PARTIDAS_FORNECEDOR_SRV.PartidasFornecedor">
                <Annotation Term="UI.LineItem">
                    <Collection>
                        <Record Type="UI.DataField">
                            <PropertyValue Property="Value" Path="Status" />
                        </Record>
                        <Record Type="UI.DataField">
                            <PropertyValue Property="Value" Path="Butxt" />
                        </Record>
                        <Record Type="UI.DataField">
                            <PropertyValue Property="Value" Path="Lifnr" />
                        </Record>
                        <Record Type="UI.DataField">
                            <PropertyValue Property="Value" Path="Belnr" />
                        </Record>
                        <Record Type="UI.DataField">
                            <PropertyValue Property="Value" Path="Xblnr" />
                        </Record>
                        <Record Type="UI.DataField">
                            <PropertyValue Property="Value" Path="Blart" />
                        </Record>
                        <Record Type="UI.DataField">
                            <PropertyValue Property="Value" Path="Bldat" />
                        </Record>
                        <Record Type="UI.DataField">
                            <PropertyValue Property="Value" Path="Dtvencimento" />
                        </Record>
                        <Record Type="UI.DataField">
                            <PropertyValue Property="Value" Path="Wrbtr" />
                        </Record>
                        <Record Type="UI.DataField">
                            <PropertyValue Property="Value" Path="DmbtrBruto" />
                        </Record>
                        <Record Type="UI.DataField">
                            <PropertyValue Property="Value" Path="Waers" />
                        </Record>
                        <Record Type="UI.DataField">
                            <PropertyValue Property="Value" Path="Augdt" />
                        </Record>
                        <Record Type="UI.DataField">
                            <PropertyValue Property="Value" Path="Augbl" />
                        </Record>
                    </Collection>
                </Annotation>
                <Annotation Term="UI.SelectionFields">
                    <Collection>
                        <PropertyPath>Dtvencimento</PropertyPath>
                        <PropertyPath>Xblnr</PropertyPath>
                        <PropertyPath>Zuonr</PropertyPath>
                    </Collection>
                </Annotation>
            </Annotations>
        </Schema>
    </edmx:DataServices>
</edmx:Edmx>
