{"changes":[{"fileName":"id_1699564511651_10_propertyChange","fileType":"change","changeType":"propertyChange","moduleName":"","reference":"br.com.eldoradobrasil.fi050.fi050","packageName":"","content":{"property":"useExportToExcel","newValue":true},"selector":{"id":"br.com.eldoradobrasil.fi050.fi050::sap.suite.ui.generic.template.ListReport.view.ListReport::PartidasFornecedorSet--listReport","idIsLocal":false,"type":"sap.ui.comp.smarttable.SmartTable"},"layer":"CUSTOMER_BASE","texts":{},"namespace":"apps/br.com.eldoradobrasil.fi050.fi050/changes/","projectId":"","creation":1699564511652,"originalLanguage":"","support":{"generator":"changeUtils: SAPFioriTools","service":"","user":"","sapui5Version":"1.117.3","sourceChangeFileName":"","compositeCommand":""},"oDataInformation":{},"dependentSelector":{},"validAppVersions":{"from":"0.0.1","to":"0.0.1","creation":"0.0.1"},"jsOnly":false,"variantReference":"","appDescriptorChange":false},{"fileName":"id_1699567181720_425_propertyChange","fileType":"change","changeType":"propertyChange","moduleName":"","reference":"br.com.eldoradobrasil.fi050.fi050","packageName":"","content":{"property":"width","newValue":"15rem"},"selector":{"id":"br.com.eldoradobrasil.fi050.fi050::sap.suite.ui.generic.template.ListReport.view.ListReport::PartidasFornecedorSet--listReport-Status","idIsLocal":false,"type":"sap.m.Column"},"layer":"CUSTOMER_BASE","texts":{},"namespace":"apps/br.com.eldoradobrasil.fi050.fi050/changes/","projectId":"","creation":1699567200159,"originalLanguage":"","support":{"generator":"changeUtils: SAPFioriTools","service":"","user":"","sapui5Version":"1.117.3","sourceChangeFileName":"","compositeCommand":""},"oDataInformation":{},"dependentSelector":{},"validAppVersions":{"from":"0.0.1","to":"0.0.1","creation":"0.0.1"},"jsOnly":false,"variantReference":"","appDescriptorChange":false},{"fileName":"id_1699567202580_792_propertyChange","fileType":"change","changeType":"propertyChange","moduleName":"","reference":"br.com.eldoradobrasil.fi050.fi050","packageName":"","content":{"property":"hAlign","newValue":"Center"},"selector":{"id":"br.com.eldoradobrasil.fi050.fi050::sap.suite.ui.generic.template.ListReport.view.ListReport::PartidasFornecedorSet--listReport-Bukrs","idIsLocal":false,"type":"sap.m.Column"},"layer":"CUSTOMER_BASE","texts":{},"namespace":"apps/br.com.eldoradobrasil.fi050.fi050/changes/","projectId":"","creation":1699567202580,"originalLanguage":"","support":{"generator":"changeUtils: SAPFioriTools","service":"","user":"","sapui5Version":"1.117.3","sourceChangeFileName":"","compositeCommand":""},"oDataInformation":{},"dependentSelector":{},"validAppVersions":{"from":"0.0.1","to":"0.0.1","creation":"0.0.1"},"jsOnly":false,"variantReference":"","appDescriptorChange":false},{"fileName":"id_1699567206740_972_propertyChange","fileType":"change","changeType":"propertyChange","moduleName":"","reference":"br.com.eldoradobrasil.fi050.fi050","packageName":"","content":{"property":"hAlign","newValue":"Center"},"selector":{"id":"br.com.eldoradobrasil.fi050.fi050::sap.suite.ui.generic.template.ListReport.view.ListReport::PartidasFornecedorSet--listReport-Status","idIsLocal":false,"type":"sap.m.Column"},"layer":"CUSTOMER_BASE","texts":{},"namespace":"apps/br.com.eldoradobrasil.fi050.fi050/changes/","projectId":"","creation":1699567206740,"originalLanguage":"","support":{"generator":"changeUtils: SAPFioriTools","service":"","user":"","sapui5Version":"1.117.3","sourceChangeFileName":"","compositeCommand":""},"oDataInformation":{},"dependentSelector":{},"validAppVersions":{"from":"0.0.1","to":"0.0.1","creation":"0.0.1"},"jsOnly":false,"variantReference":"","appDescriptorChange":false},{"fileName":"id_1699567210197_1158_propertyChange","fileType":"change","changeType":"propertyChange","moduleName":"","reference":"br.com.eldoradobrasil.fi050.fi050","packageName":"","content":{"property":"hAlign","newValue":"Center"},"selector":{"id":"br.com.eldoradobrasil.fi050.fi050::sap.suite.ui.generic.template.ListReport.view.ListReport::PartidasFornecedorSet--listReport-Blart","idIsLocal":false,"type":"sap.m.Column"},"layer":"CUSTOMER_BASE","texts":{},"namespace":"apps/br.com.eldoradobrasil.fi050.fi050/changes/","projectId":"","creation":1699567210197,"originalLanguage":"","support":{"generator":"changeUtils: SAPFioriTools","service":"","user":"","sapui5Version":"1.117.3","sourceChangeFileName":"","compositeCommand":""},"oDataInformation":{},"dependentSelector":{},"validAppVersions":{"from":"0.0.1","to":"0.0.1","creation":"0.0.1"},"jsOnly":false,"variantReference":"","appDescriptorChange":false},{"fileName":"id_1699567383018_1341_propertyChange","fileType":"change","changeType":"propertyChange","moduleName":"","reference":"br.com.eldoradobrasil.fi050.fi050","packageName":"","content":{"property":"width","newValue":"15rem"},"selector":{"id":"br.com.eldoradobrasil.fi050.fi050::sap.suite.ui.generic.template.ListReport.view.ListReport::PartidasFornecedorSet--listReport-Bldat","idIsLocal":false,"type":"sap.m.Column"},"layer":"CUSTOMER_BASE","texts":{},"namespace":"apps/br.com.eldoradobrasil.fi050.fi050/changes/","projectId":"","creation":1699567398632,"originalLanguage":"","support":{"generator":"changeUtils: SAPFioriTools","service":"","user":"","sapui5Version":"1.117.3","sourceChangeFileName":"","compositeCommand":""},"oDataInformation":{},"dependentSelector":{},"validAppVersions":{"from":"0.0.1","to":"0.0.1","creation":"0.0.1"},"jsOnly":false,"variantReference":"","appDescriptorChange":false},{"fileName":"id_1699567401539_1707_propertyChange","fileType":"change","changeType":"propertyChange","moduleName":"","reference":"br.com.eldoradobrasil.fi050.fi050","packageName":"","content":{"property":"width","newValue":"10rem"},"selector":{"id":"br.com.eldoradobrasil.fi050.fi050::sap.suite.ui.generic.template.ListReport.view.ListReport::PartidasFornecedorSet--listReport-Lifnr","idIsLocal":false,"type":"sap.m.Column"},"layer":"CUSTOMER_BASE","texts":{},"namespace":"apps/br.com.eldoradobrasil.fi050.fi050/changes/","projectId":"","creation":1699567401539,"originalLanguage":"","support":{"generator":"changeUtils: SAPFioriTools","service":"","user":"","sapui5Version":"1.117.3","sourceChangeFileName":"","compositeCommand":""},"oDataInformation":{},"dependentSelector":{},"validAppVersions":{"from":"0.0.1","to":"0.0.1","creation":"0.0.1"},"jsOnly":false,"variantReference":"","appDescriptorChange":false},{"fileName":"id_1699567402964_1890_propertyChange","fileType":"change","changeType":"propertyChange","moduleName":"","reference":"br.com.eldoradobrasil.fi050.fi050","packageName":"","content":{"property":"hAlign","newValue":"Center"},"selector":{"id":"br.com.eldoradobrasil.fi050.fi050::sap.suite.ui.generic.template.ListReport.view.ListReport::PartidasFornecedorSet--listReport-Lifnr","idIsLocal":false,"type":"sap.m.Column"},"layer":"CUSTOMER_BASE","texts":{},"namespace":"apps/br.com.eldoradobrasil.fi050.fi050/changes/","projectId":"","creation":1699567402964,"originalLanguage":"","support":{"generator":"changeUtils: SAPFioriTools","service":"","user":"","sapui5Version":"1.117.3","sourceChangeFileName":"","compositeCommand":""},"oDataInformation":{},"dependentSelector":{},"validAppVersions":{"from":"0.0.1","to":"0.0.1","creation":"0.0.1"},"jsOnly":false,"variantReference":"","appDescriptorChange":false},{"fileName":"id_1699567407313_2074_propertyChange","fileType":"change","changeType":"propertyChange","moduleName":"","reference":"br.com.eldoradobrasil.fi050.fi050","packageName":"","content":{"property":"hAlign","newValue":"Center"},"selector":{"id":"br.com.eldoradobrasil.fi050.fi050::sap.suite.ui.generic.template.ListReport.view.ListReport::PartidasFornecedorSet--listReport-Belnr","idIsLocal":false,"type":"sap.m.Column"},"layer":"CUSTOMER_BASE","texts":{},"namespace":"apps/br.com.eldoradobrasil.fi050.fi050/changes/","projectId":"","creation":1699567407313,"originalLanguage":"","support":{"generator":"changeUtils: SAPFioriTools","service":"","user":"","sapui5Version":"1.117.3","sourceChangeFileName":"","compositeCommand":""},"oDataInformation":{},"dependentSelector":{},"validAppVersions":{"from":"0.0.1","to":"0.0.1","creation":"0.0.1"},"jsOnly":false,"variantReference":"","appDescriptorChange":false},{"fileName":"id_1699567420717_2255_propertyChange","fileType":"change","changeType":"propertyChange","moduleName":"","reference":"br.com.eldoradobrasil.fi050.fi050","packageName":"","content":{"property":"width","newValue":"10rem"},"selector":{"id":"br.com.eldoradobrasil.fi050.fi050::sap.suite.ui.generic.template.ListReport.view.ListReport::PartidasFornecedorSet--listReport-Belnr","idIsLocal":false,"type":"sap.m.Column"},"layer":"CUSTOMER_BASE","texts":{},"namespace":"apps/br.com.eldoradobrasil.fi050.fi050/changes/","projectId":"","creation":1699567420717,"originalLanguage":"","support":{"generator":"changeUtils: SAPFioriTools","service":"","user":"","sapui5Version":"1.117.3","sourceChangeFileName":"","compositeCommand":""},"oDataInformation":{},"dependentSelector":{},"validAppVersions":{"from":"0.0.1","to":"0.0.1","creation":"0.0.1"},"jsOnly":false,"variantReference":"","appDescriptorChange":false},{"fileName":"id_1699567430002_2439_propertyChange","fileType":"change","changeType":"propertyChange","moduleName":"","reference":"br.com.eldoradobrasil.fi050.fi050","packageName":"","content":{"property":"width","newValue":"15rem"},"selector":{"id":"br.com.eldoradobrasil.fi050.fi050::sap.suite.ui.generic.template.ListReport.view.ListReport::PartidasFornecedorSet--listReport-Xblnr","idIsLocal":false,"type":"sap.m.Column"},"layer":"CUSTOMER_BASE","texts":{},"namespace":"apps/br.com.eldoradobrasil.fi050.fi050/changes/","projectId":"","creation":1699567430003,"originalLanguage":"","support":{"generator":"changeUtils: SAPFioriTools","service":"","user":"","sapui5Version":"1.117.3","sourceChangeFileName":"","compositeCommand":""},"oDataInformation":{},"dependentSelector":{},"validAppVersions":{"from":"0.0.1","to":"0.0.1","creation":"0.0.1"},"jsOnly":false,"variantReference":"","appDescriptorChange":false},{"fileName":"id_1699567433454_2623_propertyChange","fileType":"change","changeType":"propertyChange","moduleName":"","reference":"br.com.eldoradobrasil.fi050.fi050","packageName":"","content":{"property":"width","newValue":"15rem"},"selector":{"id":"br.com.eldoradobrasil.fi050.fi050::sap.suite.ui.generic.template.ListReport.view.ListReport::PartidasFornecedorSet--listReport-Zuonr","idIsLocal":false,"type":"sap.m.Column"},"layer":"CUSTOMER_BASE","texts":{},"namespace":"apps/br.com.eldoradobrasil.fi050.fi050/changes/","projectId":"","creation":1699567433454,"originalLanguage":"","support":{"generator":"changeUtils: SAPFioriTools","service":"","user":"","sapui5Version":"1.117.3","sourceChangeFileName":"","compositeCommand":""},"oDataInformation":{},"dependentSelector":{},"validAppVersions":{"from":"0.0.1","to":"0.0.1","creation":"0.0.1"},"jsOnly":false,"variantReference":"","appDescriptorChange":false},{"fileName":"id_1699567435970_2808_propertyChange","fileType":"change","changeType":"propertyChange","moduleName":"","reference":"br.com.eldoradobrasil.fi050.fi050","packageName":"","content":{"property":"hAlign","newValue":"Center"},"selector":{"id":"br.com.eldoradobrasil.fi050.fi050::sap.suite.ui.generic.template.ListReport.view.ListReport::PartidasFornecedorSet--listReport-Waers","idIsLocal":false,"type":"sap.m.Column"},"layer":"CUSTOMER_BASE","texts":{},"namespace":"apps/br.com.eldoradobrasil.fi050.fi050/changes/","projectId":"","creation":1699567435970,"originalLanguage":"","support":{"generator":"changeUtils: SAPFioriTools","service":"","user":"","sapui5Version":"1.117.3","sourceChangeFileName":"","compositeCommand":""},"oDataInformation":{},"dependentSelector":{},"validAppVersions":{"from":"0.0.1","to":"0.0.1","creation":"0.0.1"},"jsOnly":false,"variantReference":"","appDescriptorChange":false},{"fileName":"id_1699567456793_2991_propertyChange","fileType":"change","changeType":"propertyChange","moduleName":"","reference":"br.com.eldoradobrasil.fi050.fi050","packageName":"","content":{"property":"width","newValue":"8rem"},"selector":{"id":"br.com.eldoradobrasil.fi050.fi050::sap.suite.ui.generic.template.ListReport.view.ListReport::PartidasFornecedorSet--listReport-Wrbtr","idIsLocal":false,"type":"sap.m.Column"},"layer":"CUSTOMER_BASE","texts":{},"namespace":"apps/br.com.eldoradobrasil.fi050.fi050/changes/","projectId":"","creation":1699567456793,"originalLanguage":"","support":{"generator":"changeUtils: SAPFioriTools","service":"","user":"","sapui5Version":"1.117.3","sourceChangeFileName":"","compositeCommand":""},"oDataInformation":{},"dependentSelector":{},"validAppVersions":{"from":"0.0.1","to":"0.0.1","creation":"0.0.1"},"jsOnly":false,"variantReference":"","appDescriptorChange":false},{"fileName":"id_1699567458189_3176_propertyChange","fileType":"change","changeType":"propertyChange","moduleName":"","reference":"br.com.eldoradobrasil.fi050.fi050","packageName":"","content":{"property":"hAlign","newValue":"Center"},"selector":{"id":"br.com.eldoradobrasil.fi050.fi050::sap.suite.ui.generic.template.ListReport.view.ListReport::PartidasFornecedorSet--listReport-Augbl","idIsLocal":false,"type":"sap.m.Column"},"layer":"CUSTOMER_BASE","texts":{},"namespace":"apps/br.com.eldoradobrasil.fi050.fi050/changes/","projectId":"","creation":1699567458189,"originalLanguage":"","support":{"generator":"changeUtils: SAPFioriTools","service":"","user":"","sapui5Version":"1.117.3","sourceChangeFileName":"","compositeCommand":""},"oDataInformation":{},"dependentSelector":{},"validAppVersions":{"from":"0.0.1","to":"0.0.1","creation":"0.0.1"},"jsOnly":false,"variantReference":"","appDescriptorChange":false},{"fileName":"id_1699567520431_3361_propertyChange","fileType":"change","changeType":"propertyChange","moduleName":"","reference":"br.com.eldoradobrasil.fi050.fi050","packageName":"","content":{"property":"width","newValue":"15rem"},"selector":{"id":"br.com.eldoradobrasil.fi050.fi050::sap.suite.ui.generic.template.ListReport.view.ListReport::PartidasFornecedorSet--listReport-Budat","idIsLocal":false,"type":"sap.m.Column"},"layer":"CUSTOMER_BASE","texts":{},"namespace":"apps/br.com.eldoradobrasil.fi050.fi050/changes/","projectId":"","creation":1699567520431,"originalLanguage":"","support":{"generator":"changeUtils: SAPFioriTools","service":"","user":"","sapui5Version":"1.117.3","sourceChangeFileName":"","compositeCommand":""},"oDataInformation":{},"dependentSelector":{},"validAppVersions":{"from":"0.0.1","to":"0.0.1","creation":"0.0.1"},"jsOnly":false,"variantReference":"","appDescriptorChange":false},{"fileName":"id_1699567521103_3541_propertyChange","fileType":"change","changeType":"propertyChange","moduleName":"","reference":"br.com.eldoradobrasil.fi050.fi050","packageName":"","content":{"property":"width","newValue":"15rem"},"selector":{"id":"br.com.eldoradobrasil.fi050.fi050::sap.suite.ui.generic.template.ListReport.view.ListReport::PartidasFornecedorSet--listReport-Augdt","idIsLocal":false,"type":"sap.m.Column"},"layer":"CUSTOMER_BASE","texts":{},"namespace":"apps/br.com.eldoradobrasil.fi050.fi050/changes/","projectId":"","creation":1699567521103,"originalLanguage":"","support":{"generator":"changeUtils: SAPFioriTools","service":"","user":"","sapui5Version":"1.117.3","sourceChangeFileName":"","compositeCommand":""},"oDataInformation":{},"dependentSelector":{},"validAppVersions":{"from":"0.0.1","to":"0.0.1","creation":"0.0.1"},"jsOnly":false,"variantReference":"","appDescriptorChange":false},{"fileName":"id_1699567526668_3729_propertyChange","fileType":"change","changeType":"propertyChange","moduleName":"","reference":"br.com.eldoradobrasil.fi050.fi050","packageName":"","content":{"property":"width","newValue":"15rem"},"selector":{"id":"br.com.eldoradobrasil.fi050.fi050::sap.suite.ui.generic.template.ListReport.view.ListReport::PartidasFornecedorSet--listReport-Dtvencimento","idIsLocal":false,"type":"sap.m.Column"},"layer":"CUSTOMER_BASE","texts":{},"namespace":"apps/br.com.eldoradobrasil.fi050.fi050/changes/","projectId":"","creation":1699567526668,"originalLanguage":"","support":{"generator":"changeUtils: SAPFioriTools","service":"","user":"","sapui5Version":"1.117.3","sourceChangeFileName":"","compositeCommand":""},"oDataInformation":{},"dependentSelector":{},"validAppVersions":{"from":"0.0.1","to":"0.0.1","creation":"0.0.1"},"jsOnly":false,"variantReference":"","appDescriptorChange":false},{"fileName":"id_1699567586034_3875_propertyChange","fileType":"change","changeType":"propertyChange","moduleName":"","reference":"br.com.eldoradobrasil.fi050.fi050","packageName":"","content":{"property":"showRestoreOnFB","newValue":false},"selector":{"id":"br.com.eldoradobrasil.fi050.fi050::sap.suite.ui.generic.template.ListReport.view.ListReport::PartidasFornecedorSet--listReportFilter","idIsLocal":false,"type":"sap.ui.comp.smartfilterbar.SmartFilterBar"},"layer":"CUSTOMER_BASE","texts":{},"namespace":"apps/br.com.eldoradobrasil.fi050.fi050/changes/","projectId":"","creation":1699567602017,"originalLanguage":"","support":{"generator":"changeUtils: SAPFioriTools","service":"","user":"","sapui5Version":"1.117.3","sourceChangeFileName":"","compositeCommand":""},"oDataInformation":{},"dependentSelector":{},"validAppVersions":{"from":"0.0.1","to":"0.0.1","creation":"0.0.1"},"jsOnly":false,"variantReference":"","appDescriptorChange":false},{"fileName":"id_1699567607499_4218_propertyChange","fileType":"change","changeType":"propertyChange","moduleName":"","reference":"br.com.eldoradobrasil.fi050.fi050","packageName":"","content":{"property":"showFilterConfiguration","newValue":false},"selector":{"id":"br.com.eldoradobrasil.fi050.fi050::sap.suite.ui.generic.template.ListReport.view.ListReport::PartidasFornecedorSet--listReportFilter","idIsLocal":false,"type":"sap.ui.comp.smartfilterbar.SmartFilterBar"},"layer":"CUSTOMER_BASE","texts":{},"namespace":"apps/br.com.eldoradobrasil.fi050.fi050/changes/","projectId":"","creation":1699567607499,"originalLanguage":"","support":{"generator":"changeUtils: SAPFioriTools","service":"","user":"","sapui5Version":"1.117.3","sourceChangeFileName":"","compositeCommand":""},"oDataInformation":{},"dependentSelector":{},"validAppVersions":{"from":"0.0.1","to":"0.0.1","creation":"0.0.1"},"jsOnly":false,"variantReference":"","appDescriptorChange":false},{"fileName":"id_1699567728820_5774_propertyChange","fileType":"change","changeType":"propertyChange","moduleName":"","reference":"br.com.eldoradobrasil.fi050.fi050","packageName":"","content":{"property":"fitContainer","newValue":true},"selector":{"id":"br.com.eldoradobrasil.fi050.fi050::sap.suite.ui.generic.template.ListReport.view.ListReport::PartidasFornecedorSet--listReport","idIsLocal":false,"type":"sap.ui.comp.smarttable.SmartTable"},"layer":"CUSTOMER_BASE","texts":{},"namespace":"apps/br.com.eldoradobrasil.fi050.fi050/changes/","projectId":"","creation":1699567728820,"originalLanguage":"","support":{"generator":"changeUtils: SAPFioriTools","service":"","user":"","sapui5Version":"1.117.3","sourceChangeFileName":"","compositeCommand":""},"oDataInformation":{},"dependentSelector":{},"validAppVersions":{"from":"0.0.1","to":"0.0.1","creation":"0.0.1"},"jsOnly":false,"variantReference":"","appDescriptorChange":false}],"compVariants":[],"variants":[],"variantChanges":[],"variantDependentControlChanges":[],"variantManagementChanges":[]}